{"stats":{"minecraft:picked_up":{"minecraft:ladder":2,"minecraft:potion":1},"minecraft:custom":{"minecraft:time_since_rest":10227,"minecraft:open_chest":7,"minecraft:crouch_one_cm":219,"minecraft:sprint_one_cm":11462,"minecraft:play_time":39589,"minecraft:damage_taken":120,"minecraft:deaths":3,"minecraft:walk_one_cm":18844,"minecraft:sneak_time":186,"minecraft:mob_kills":1,"minecraft:jump":66,"minecraft:damage_dealt":270,"minecraft:leave_game":7,"minecraft:time_since_death":10192,"minecraft:total_world_time":39589,"minecraft:fall_one_cm":1404,"minecraft:fly_one_cm":167222},"minecraft:used":{"minecraft:redstone_torch":3,"minecraft:oak_log":24,"minecraft:bedrock":6,"voltystudios_dedsafio:espada_belica":3,"minecraft:dirt":39,"voltystudios_dedsafio:fogata_2":3,"minecraft:campfire":3,"minecraft:magenta_concrete":6,"minecraft:cyan_concrete":195,"minecraft:stone_pressure_plate":6,"minecraft:dark_oak_slab":75,"voltystudios_dedsafio:dimensional_armor_chestplate":1},"minecraft:killed":{"minecraft:witch":1}},"DataVersion":2975}