{"stats":{"minecraft:dropped":{"voltystudios_dedsafio:espada_belica":1},"minecraft:used":{"voltystudios_dedsafio:espada_belica":8},"minecraft:picked_up":{"minecraft:stick":1,"minecraft:rotten_flesh":3,"voltystudios_dedsafio:espada_belica":1,"minecraft:dirt":13},"minecraft:killed":{"minecraft:zombie":3},"minecraft:custom":{"minecraft:jump":23,"minecraft:time_since_rest":9157,"minecraft:damage_dealt":598,"minecraft:leave_game":1,"minecraft:sprint_one_cm":1831,"minecraft:play_time":9157,"minecraft:damage_taken":15,"minecraft:time_since_death":9157,"minecraft:walk_one_cm":4529,"minecraft:sneak_time":52,"minecraft:total_world_time":9157,"minecraft:mob_kills":3,"minecraft:drop":1,"minecraft:fall_one_cm":269,"minecraft:fly_one_cm":29155}},"DataVersion":2975}