{
  "minecraft:recipes/misc/charcoal": {
    "criteria": {
      "has_log": "2024-10-26 08:39:33 +0000"
    },
    "done": true
  },
  "extendedslabs:recipes/extendedslabs/vertical_cyan_concrete_slab": {
    "criteria": {
      "has_cyan_concrete": "2024-10-26 08:42:49 +0000"
    },
    "done": true
  },
  "minecraft:recipes/building_blocks/oak_planks": {
    "criteria": {
      "has_logs": "2024-10-26 08:39:33 +0000"
    },
    "done": true
  },
  "minecraft:recipes/decorations/composter": {
    "criteria": {
      "has_wood_slab": "2024-10-26 08:40:16 +0000"
    },
    "done": true
  },
  "extendedslabs:recipes/extendedslabs/vertical_dirt_slab": {
    "criteria": {
      "has_dirt": "2024-10-26 08:36:36 +0000"
    },
    "done": true
  },
  "extendedslabs:recipes/extendedslabs/vertical_magenta_concrete_slab": {
    "criteria": {
      "has_magenta_concrete": "2024-10-26 08:43:17 +0000"
    },
    "done": true
  },
  "minecraft:recipes/decorations/chest": {
    "criteria": {
      "has_lots_of_items": "2024-10-26 08:40:16 +0000"
    },
    "done": true
  },
  "minecraft:recipes/redstone/repeater": {
    "criteria": {
      "has_redstone_torch": "2024-10-26 08:48:15 +0000"
    },
    "done": true
  },
  "minecraft:adventure/kill_a_mob": {
    "criteria": {
      "minecraft:witch": "2024-10-29 02:36:24 +0000"
    },
    "done": true
  },
  "minecraft:adventure/kill_all_mobs": {
    "criteria": {
      "minecraft:witch": "2024-10-29 02:36:24 +0000"
    },
    "done": false
  },
  "minecraft:recipes/decorations/barrel": {
    "criteria": {
      "has_wood_slab": "2024-10-26 08:40:16 +0000"
    },
    "done": true
  },
  "minecraft:recipes/building_blocks/oak_wood": {
    "criteria": {
      "has_log": "2024-10-26 08:39:33 +0000"
    },
    "done": true
  },
  "extendedslabs:recipes/extendedslabs/dark_oak_slab_to_vertical_dark_oak_slab": {
    "criteria": {
      "has_slab": "2024-10-26 08:40:16 +0000"
    },
    "done": true
  },
  "extendedslabs:recipes/extendedslabs/magenta_concrete_slab": {
    "criteria": {
      "has_magenta_concrete": "2024-10-26 08:43:17 +0000"
    },
    "done": true
  },
  "extendedslabs:recipes/extendedslabs/dirt_slab": {
    "criteria": {
      "has_dirt": "2024-10-26 08:36:36 +0000"
    },
    "done": true
  },
  "extendedslabs:recipes/extendedslabs/dirt_stairs": {
    "criteria": {
      "has_dirt": "2024-10-26 08:36:36 +0000"
    },
    "done": true
  },
  "minecraft:recipes/misc/coal": {
    "criteria": {
      "has_coal_block": "2024-10-26 08:39:32 +0000"
    },
    "done": true
  },
  "minecraft:adventure/root": {
    "criteria": {
      "killed_something": "2024-10-29 02:36:24 +0000"
    },
    "done": true
  },
  "extendedslabs:recipes/extendedslabs/cyan_concrete_slab": {
    "criteria": {
      "has_cyan_concrete": "2024-10-26 08:42:49 +0000"
    },
    "done": true
  },
  "minecraft:adventure/adventuring_time": {
    "criteria": {
      "minecraft:deep_ocean": "2024-10-26 08:35:19 +0000",
      "minecraft:dark_forest": "2024-10-26 08:42:32 +0000",
      "minecraft:jungle": "2024-10-26 08:42:42 +0000",
      "minecraft:plains": "2024-10-26 08:35:31 +0000"
    },
    "done": false
  },
  "DataVersion": 2975
}