{
  "minecraft:recipes/decorations/campfire": {
    "criteria": {
      "has_stick": "2024-11-01 05:32:36 +0000"
    },
    "done": true
  },
  "minecraft:recipes/combat/wooden_sword": {
    "criteria": {
      "has_stick": "2024-11-01 05:32:36 +0000"
    },
    "done": true
  },
  "minecraft:recipes/tools/wooden_pickaxe": {
    "criteria": {
      "has_stick": "2024-11-01 05:32:36 +0000"
    },
    "done": true
  },
  "minecraft:recipes/tools/wooden_axe": {
    "criteria": {
      "has_stick": "2024-11-01 05:32:36 +0000"
    },
    "done": true
  },
  "extendedslabs:recipes/extendedslabs/vertical_dirt_slab": {
    "criteria": {
      "has_dirt": "2024-11-01 05:34:33 +0000"
    },
    "done": true
  },
  "minecraft:recipes/decorations/ladder": {
    "criteria": {
      "has_stick": "2024-11-01 05:32:36 +0000"
    },
    "done": true
  },
  "minecraft:adventure/kill_a_mob": {
    "criteria": {
      "minecraft:zombie": "2024-11-01 05:36:14 +0000"
    },
    "done": true
  },
  "minecraft:adventure/kill_all_mobs": {
    "criteria": {
      "minecraft:zombie": "2024-11-01 05:36:14 +0000"
    },
    "done": false
  },
  "minecraft:recipes/tools/wooden_shovel": {
    "criteria": {
      "has_stick": "2024-11-01 05:32:36 +0000"
    },
    "done": true
  },
  "extendedslabs:recipes/extendedslabs/dirt_slab": {
    "criteria": {
      "has_dirt": "2024-11-01 05:34:33 +0000"
    },
    "done": true
  },
  "minecraft:recipes/decorations/soul_campfire": {
    "criteria": {
      "has_stick": "2024-11-01 05:32:36 +0000"
    },
    "done": true
  },
  "minecraft:recipes/combat/crossbow": {
    "criteria": {
      "has_stick": "2024-11-01 05:32:36 +0000"
    },
    "done": true
  },
  "extendedslabs:recipes/extendedslabs/dirt_stairs": {
    "criteria": {
      "has_dirt": "2024-11-01 05:34:33 +0000"
    },
    "done": true
  },
  "minecraft:recipes/tools/wooden_hoe": {
    "criteria": {
      "has_stick": "2024-11-01 05:32:36 +0000"
    },
    "done": true
  },
  "minecraft:adventure/root": {
    "criteria": {
      "killed_something": "2024-11-01 05:36:14 +0000"
    },
    "done": true
  },
  "minecraft:adventure/adventuring_time": {
    "criteria": {
      "minecraft:old_growth_pine_taiga": "2024-11-01 05:30:53 +0000",
      "minecraft:taiga": "2024-11-01 05:38:07 +0000",
      "minecraft:beach": "2024-11-01 05:36:00 +0000",
      "minecraft:cold_ocean": "2024-11-01 05:36:07 +0000"
    },
    "done": false
  },
  "DataVersion": 2975
}